{
 "status": "OK", 
 "payload": {
  "bloques": [
   {
    "bloque": {
     "url": "/api/0/bloques/9a51ab42-0ae2-4b62-ba86-a8e051ce638f/", 
     "nombre": "Frente para la Victoria - PJ", 
     "uuid": "9a51ab42-0ae2-4b62-ba86-a8e051ce638f"
    }
   }, 
   {
    "bloque": {
     "url": "/api/0/bloques/e86c5999-91c2-4321-b259-b8cd8676d2f6/", 
     "nombre": "Partido Socialista", 
     "uuid": "e86c5999-91c2-4321-b259-b8cd8676d2f6"
    }
   }, 
   {
    "bloque": {
     "url": "/api/0/bloques/78855110-0d7f-48bd-869d-fe52fb039e1e/", 
     "nombre": "Frente Peronista", 
     "uuid": "78855110-0d7f-48bd-869d-fe52fb039e1e"
    }
   }, 
   {
    "bloque": {
     "url": "/api/0/bloques/1c6e69c5-b410-415b-8dca-f352325faa67/", 
     "nombre": "Uni\u00f3n Civica Radical", 
     "uuid": "1c6e69c5-b410-415b-8dca-f352325faa67"
    }
   }, 
   {
    "bloque": {
     "url": "/api/0/bloques/6aa3a72d-d6cc-4c58-98a8-5e4ebc880fee/", 
     "nombre": "Frente C\u00edvico por Santiago", 
     "uuid": "6aa3a72d-d6cc-4c58-98a8-5e4ebc880fee"
    }
   }, 
   {
    "bloque": {
     "url": "/api/0/bloques/aa11eab4-cf39-46ea-9831-f22551712b86/", 
     "nombre": "Movimiento Proyecto Sur", 
     "uuid": "aa11eab4-cf39-46ea-9831-f22551712b86"
    }
   }, 
   {
    "bloque": {
     "url": "/api/0/bloques/721003da-903d-4092-a72d-dcfaa55990b0/", 
     "nombre": "PRO", 
     "uuid": "721003da-903d-4092-a72d-dcfaa55990b0"
    }
   }, 
   {
    "bloque": {
     "url": "/api/0/bloques/26ed0457-01e6-471f-b0f9-d6a68c2e6bd0/", 
     "nombre": "Frente Peronista Federal", 
     "uuid": "26ed0457-01e6-471f-b0f9-d6a68c2e6bd0"
    }
   }, 
   {
    "bloque": {
     "url": "/api/0/bloques/6886e947-4db2-4ded-9e48-809cf73f6340/", 
     "nombre": "Frente C\u00edvico y Social de Catamarca", 
     "uuid": "6886e947-4db2-4ded-9e48-809cf73f6340"
    }
   }, 
   {
    "bloque": {
     "url": "/api/0/bloques/3261553e-31f6-4c70-a01c-d5f849b00f9d/", 
     "nombre": "Frente C\u00edvico - C\u00f3rdoba", 
     "uuid": "3261553e-31f6-4c70-a01c-d5f849b00f9d"
    }
   }, 
   {
    "bloque": {
     "url": "/api/0/bloques/d76d87fb-c9a5-4bf3-b202-045b110d581f/", 
     "nombre": "Uni\u00f3n Peronista", 
     "uuid": "d76d87fb-c9a5-4bf3-b202-045b110d581f"
    }
   }, 
   {
    "bloque": {
     "url": "/api/0/bloques/d2994239-ead4-4c9a-b54c-686fe63c84dd/", 
     "nombre": "GEN", 
     "uuid": "d2994239-ead4-4c9a-b54c-686fe63c84dd"
    }
   }, 
   {
    "bloque": {
     "url": "/api/0/bloques/52e25ed1-8695-4d0b-b9f8-a15840341abe/", 
     "nombre": "Coalici\u00f3n C\u00edvica - ARI", 
     "uuid": "52e25ed1-8695-4d0b-b9f8-a15840341abe"
    }
   }, 
   {
    "bloque": {
     "url": "/api/0/bloques/f3623761-cea2-42bc-af11-205388d3d4b2/", 
     "nombre": "Nuevo Encuentro", 
     "uuid": "f3623761-cea2-42bc-af11-205388d3d4b2"
    }
   }, 
   {
    "bloque": {
     "url": "/api/0/bloques/55531481-f777-4613-9992-a91fc96b6c53/", 
     "nombre": "Democracia Igualitaria y Participativa (D.I.P.)", 
     "uuid": "55531481-f777-4613-9992-a91fc96b6c53"
    }
   }, 
   {
    "bloque": {
     "url": "/api/0/bloques/d4f6f3f8-8649-4248-830c-3ce85c054ba6/", 
     "nombre": "Partido Justicialista La Pampa", 
     "uuid": "d4f6f3f8-8649-4248-830c-3ce85c054ba6"
    }
   }, 
   {
    "bloque": {
     "url": "/api/0/bloques/0285a1e5-ffb1-40e6-a660-5102ddadca50/", 
     "nombre": "Unidad Popular", 
     "uuid": "0285a1e5-ffb1-40e6-a660-5102ddadca50"
    }
   }, 
   {
    "bloque": {
     "url": "/api/0/bloques/ded901a6-6a75-44c2-ad18-75505c8a3643/", 
     "nombre": "Dem\u00f3crata de Mendoza", 
     "uuid": "ded901a6-6a75-44c2-ad18-75505c8a3643"
    }
   }, 
   {
    "bloque": {
     "url": "/api/0/bloques/d1df180b-750b-4f4b-b0b5-d3b1a3a1891a/", 
     "nombre": "Socialista del MIJD", 
     "uuid": "d1df180b-750b-4f4b-b0b5-d3b1a3a1891a"
    }
   }, 
   {
    "bloque": {
     "url": "/api/0/bloques/96bfc951-5fd7-48aa-962a-e4c819192cc8/", 
     "nombre": "Salta Somos Todos", 
     "uuid": "96bfc951-5fd7-48aa-962a-e4c819192cc8"
    }
   }, 
   {
    "bloque": {
     "url": "/api/0/bloques/e960deb2-a96b-4c7f-956a-09556344cc27/", 
     "nombre": "Unidad para el Desarrollo Social y la Equidad", 
     "uuid": "e960deb2-a96b-4c7f-956a-09556344cc27"
    }
   }, 
   {
    "bloque": {
     "url": "/api/0/bloques/38df0774-714e-4c4f-a45c-ce5137e5d24e/", 
     "nombre": "Corriente de Pensamiento Federal", 
     "uuid": "38df0774-714e-4c4f-a45c-ce5137e5d24e"
    }
   }, 
   {
    "bloque": {
     "url": "/api/0/bloques/5a1276f9-735c-48d6-bb0e-7c42ab087324/", 
     "nombre": "Uni\u00f3n por San Juan", 
     "uuid": "5a1276f9-735c-48d6-bb0e-7c42ab087324"
    }
   }, 
   {
    "bloque": {
     "url": "/api/0/bloques/a5fde37b-b8e3-4494-8840-2df2e0876c5d/", 
     "nombre": "Movimiento Popular Neuquino", 
     "uuid": "a5fde37b-b8e3-4494-8840-2df2e0876c5d"
    }
   }, 
   {
    "bloque": {
     "url": "/api/0/bloques/9e37c67b-f0bb-463e-9b5c-d9dfca35132f/", 
     "nombre": "Movimiento Popular Fueguino", 
     "uuid": "9e37c67b-f0bb-463e-9b5c-d9dfca35132f"
    }
   }, 
   {
    "bloque": {
     "url": "/api/0/bloques/2e672d71-3689-40f1-aa64-d5c323ce67be/", 
     "nombre": "C\u00f3rdoba Federal", 
     "uuid": "2e672d71-3689-40f1-aa64-d5c323ce67be"
    }
   }, 
   {
    "bloque": {
     "url": "/api/0/bloques/650540dc-dd1d-4369-ab0c-d7af03644cdf/", 
     "nombre": "Santa F\u00e9 en Movimiento", 
     "uuid": "650540dc-dd1d-4369-ab0c-d7af03644cdf"
    }
   }, 
   {
    "bloque": {
     "url": "/api/0/bloques/de749c41-6f8a-42a2-ab0e-1bbbfab004ea/", 
     "nombre": "Renovador de Salta", 
     "uuid": "de749c41-6f8a-42a2-ab0e-1bbbfab004ea"
    }
   }, 
   {
    "bloque": {
     "url": "/api/0/bloques/3902e7b2-42df-4adf-9c6a-836f8f0e5dbb/", 
     "nombre": "Dem\u00f3crata prograsista", 
     "uuid": "3902e7b2-42df-4adf-9c6a-836f8f0e5dbb"
    }
   }, 
   {
    "bloque": {
     "url": "/api/0/bloques/4dab7928-ca9d-48a4-b11d-9bc0e6bc7c8d/", 
     "nombre": "Partido Federal Fueguino", 
     "uuid": "4dab7928-ca9d-48a4-b11d-9bc0e6bc7c8d"
    }
   }, 
   {
    "bloque": {
     "url": "/api/0/bloques/be7327e8-3285-4e83-890b-ff8f401fa155/", 
     "nombre": "Libres del Sur", 
     "uuid": "be7327e8-3285-4e83-890b-ff8f401fa155"
    }
   }, 
   {
    "bloque": {
     "url": "/api/0/bloques/56663123-4732-4cb2-9250-000bbbe36bcb/", 
     "nombre": "Frente para la Victoria - Partido Bloquista", 
     "uuid": "56663123-4732-4cb2-9250-000bbbe36bcb"
    }
   }, 
   {
    "bloque": {
     "url": "/api/0/bloques/3baad2fb-77f7-4ae9-9a5b-d35e825ad6c1/", 
     "nombre": "Union por Todos", 
     "uuid": "3baad2fb-77f7-4ae9-9a5b-d35e825ad6c1"
    }
   }, 
   {
    "bloque": {
     "url": "/api/0/bloques/ec6f8f27-daf3-4246-a54b-c062b549b236/", 
     "nombre": "UDESO Salta", 
     "uuid": "ec6f8f27-daf3-4246-a54b-c062b549b236"
    }
   }, 
   {
    "bloque": {
     "url": "/api/0/bloques/2e04d68a-f92b-45c5-be0c-92229759c933/", 
     "nombre": "PJ - Frente para la Victoria", 
     "uuid": "2e04d68a-f92b-45c5-be0c-92229759c933"
    }
   }, 
   {
    "bloque": {
     "url": "/api/0/bloques/84e251c7-0cf7-418e-8f2b-d3e1411d519a/", 
     "nombre": "Produccion y Trabajo", 
     "uuid": "84e251c7-0cf7-418e-8f2b-d3e1411d519a"
    }
   }, 
   {
    "bloque": {
     "url": "/api/0/bloques/28bb80f0-f189-4220-b621-7de6a9087a8f/", 
     "nombre": "Proyecto Buenos Aires Federal", 
     "uuid": "28bb80f0-f189-4220-b621-7de6a9087a8f"
    }
   }, 
   {
    "bloque": {
     "url": "/api/0/bloques/c7d92789-e5fe-4b49-9c09-342f30773a82/", 
     "nombre": "Trabajo y Dignidad", 
     "uuid": "c7d92789-e5fe-4b49-9c09-342f30773a82"
    }
   }, 
   {
    "bloque": {
     "url": "/api/0/bloques/a08a9fb9-7faa-4f80-88aa-8bdb1f282555/", 
     "nombre": "Justicialista San Luis", 
     "uuid": "a08a9fb9-7faa-4f80-88aa-8bdb1f282555"
    }
   }, 
   {
    "bloque": {
     "url": "/api/0/bloques/0ca207e4-5bd6-4fde-8582-19c817bf108f/", 
     "nombre": "Santa F\u00e9 Federal", 
     "uuid": "0ca207e4-5bd6-4fde-8582-19c817bf108f"
    }
   }, 
   {
    "bloque": {
     "url": "/api/0/bloques/b2865876-60c2-4e27-812c-f2937e772faf/", 
     "nombre": "Frente De Todos", 
     "uuid": "b2865876-60c2-4e27-812c-f2937e772faf"
    }
   }, 
   {
    "bloque": {
     "url": "/api/0/bloques/76fc93b7-f504-49c5-b673-73c4a5b5e164/", 
     "nombre": "Partido Renovador de Salta", 
     "uuid": "76fc93b7-f504-49c5-b673-73c4a5b5e164"
    }
   }, 
   {
    "bloque": {
     "url": "/api/0/bloques/bd761400-48c8-4456-884f-979d061f63ce/", 
     "nombre": "Frente Civico de la Provincia de Cordoba", 
     "uuid": "bd761400-48c8-4456-884f-979d061f63ce"
    }
   }, 
   {
    "bloque": {
     "url": "/api/0/bloques/dc3103f3-ba00-4a25-bc7b-5992d07d8b83/", 
     "nombre": "Justicialista 8 de Octubre", 
     "uuid": "dc3103f3-ba00-4a25-bc7b-5992d07d8b83"
    }
   }, 
   {
    "bloque": {
     "url": "/api/0/bloques/9d59771b-5583-43a6-928e-073ff46df6dc/", 
     "nombre": "Federalismo y Liberacion", 
     "uuid": "9d59771b-5583-43a6-928e-073ff46df6dc"
    }
   }, 
   {
    "bloque": {
     "url": "/api/0/bloques/9928f6c5-5d30-40cc-8ccf-7bfe320c4dca/", 
     "nombre": "Federalismo Santafesino", 
     "uuid": "9928f6c5-5d30-40cc-8ccf-7bfe320c4dca"
    }
   }, 
   {
    "bloque": {
     "url": "/api/0/bloques/de867fac-39ac-4c1f-8bbd-60bb2eaceece/", 
     "nombre": "Partido Liberal de Corrientes", 
     "uuid": "de867fac-39ac-4c1f-8bbd-60bb2eaceece"
    }
   }, 
   {
    "bloque": {
     "url": "/api/0/bloques/471ac8d1-d4e6-451d-8e2f-e310d92ac152/", 
     "nombre": "Alianza Coalici\u00f3n C\u00edvica", 
     "uuid": "471ac8d1-d4e6-451d-8e2f-e310d92ac152"
    }
   }, 
   {
    "bloque": {
     "url": "/api/0/bloques/e962ed11-4a25-41b1-8f11-17cfd916e18c/", 
     "nombre": "Peronismo Federal", 
     "uuid": "e962ed11-4a25-41b1-8f11-17cfd916e18c"
    }
   }, 
   {
    "bloque": {
     "url": "/api/0/bloques/0e147a75-8e13-4c32-a2b1-cf93eca67409/", 
     "nombre": "Peronista", 
     "uuid": "0e147a75-8e13-4c32-a2b1-cf93eca67409"
    }
   }, 
   {
    "bloque": {
     "url": "/api/0/bloques/4e86d436-7cbb-49a1-90c8-2590338827f0/", 
     "nombre": "Nuevo Encuentro Popular y Solidario", 
     "uuid": "4e86d436-7cbb-49a1-90c8-2590338827f0"
    }
   }, 
   {
    "bloque": {
     "url": "/api/0/bloques/38c43c53-4862-4e4d-b7ca-0cf572f5a6e2/", 
     "nombre": "ARI", 
     "uuid": "38c43c53-4862-4e4d-b7ca-0cf572f5a6e2"
    }
   }, 
   {
    "bloque": {
     "url": "/api/0/bloques/229487d7-d7f5-46b3-abf2-de336dfdb47f/", 
     "nombre": "Justicialista", 
     "uuid": "229487d7-d7f5-46b3-abf2-de336dfdb47f"
    }
   }, 
   {
    "bloque": {
     "url": "/api/0/bloques/5b5bfba5-2c64-434d-bcbd-60559429474d/", 
     "nombre": "Izquierda Unida", 
     "uuid": "5b5bfba5-2c64-434d-bcbd-60559429474d"
    }
   }, 
   {
    "bloque": {
     "url": "/api/0/bloques/adf9b102-c79a-47f0-aa61-430847743171/", 
     "nombre": "Convergencia", 
     "uuid": "adf9b102-c79a-47f0-aa61-430847743171"
    }
   }, 
   {
    "bloque": {
     "url": "/api/0/bloques/2b165861-9d9b-4545-9e25-aa0dde89fa84/", 
     "nombre": "Soberania Popular", 
     "uuid": "2b165861-9d9b-4545-9e25-aa0dde89fa84"
    }
   }, 
   {
    "bloque": {
     "url": "/api/0/bloques/1d7d67ac-02ea-4264-bee9-77ff44cebd85/", 
     "nombre": "Encuentro", 
     "uuid": "1d7d67ac-02ea-4264-bee9-77ff44cebd85"
    }
   }, 
   {
    "bloque": {
     "url": "/api/0/bloques/2b88847c-ad8e-4c3e-82cb-594a2d978ee7/", 
     "nombre": "Emancipacion y Justicia", 
     "uuid": "2b88847c-ad8e-4c3e-82cb-594a2d978ee7"
    }
   }, 
   {
    "bloque": {
     "url": "/api/0/bloques/f5d21b96-6cd9-46dd-ba99-b6cef6e78efc/", 
     "nombre": "Partido Intransigente", 
     "uuid": "f5d21b96-6cd9-46dd-ba99-b6cef6e78efc"
    }
   }, 
   {
    "bloque": {
     "url": "/api/0/bloques/982ec0b8-c61d-47e3-9299-571906dd067e/", 
     "nombre": "FREPASO", 
     "uuid": "982ec0b8-c61d-47e3-9299-571906dd067e"
    }
   }, 
   {
    "bloque": {
     "url": "/api/0/bloques/60502be9-eba6-463e-bcea-aa7a2a50cf56/", 
     "nombre": "Frente C\u00edvico Juje\u00f1o", 
     "uuid": "60502be9-eba6-463e-bcea-aa7a2a50cf56"
    }
   }, 
   {
    "bloque": {
     "url": "/api/0/bloques/b2e2358e-5da1-490d-9af8-ef693de9ac69/", 
     "nombre": "Partido Nuevo contra Corrupci\u00f3n por la Honestidad y la Transparencia", 
     "uuid": "b2e2358e-5da1-490d-9af8-ef693de9ac69"
    }
   }, 
   {
    "bloque": {
     "url": "/api/0/bloques/f6390fa7-9bb9-402b-80d3-2a5b0bd85f06/", 
     "nombre": "Fuerza Republicana", 
     "uuid": "f6390fa7-9bb9-402b-80d3-2a5b0bd85f06"
    }
   }, 
   {
    "bloque": {
     "url": "/api/0/bloques/740eefb1-a113-47d3-8d3c-b1d4c33ec6bf/", 
     "nombre": "Unidad Federalista", 
     "uuid": "740eefb1-a113-47d3-8d3c-b1d4c33ec6bf"
    }
   }, 
   {
    "bloque": {
     "url": "/api/0/bloques/3650857e-58af-4fd5-9d28-f92dfd156f95/", 
     "nombre": "Frente Para el Cambio", 
     "uuid": "3650857e-58af-4fd5-9d28-f92dfd156f95"
    }
   }, 
   {
    "bloque": {
     "url": "/api/0/bloques/c44d49b5-754a-4838-b90f-a477e142f642/", 
     "nombre": "Frente C\u00edvico Tucum\u00e1n", 
     "uuid": "c44d49b5-754a-4838-b90f-a477e142f642"
    }
   }, 
   {
    "bloque": {
     "url": "/api/0/bloques/3be60084-8c4e-42ac-bbfd-0ca8b1361e4f/", 
     "nombre": "Compromiso para el Cambio", 
     "uuid": "3be60084-8c4e-42ac-bbfd-0ca8b1361e4f"
    }
   }, 
   {
    "bloque": {
     "url": "/api/0/bloques/e12cbe22-f967-4af8-b614-67847bc97167/", 
     "nombre": "Bloque Buenos Aires", 
     "uuid": "e12cbe22-f967-4af8-b614-67847bc97167"
    }
   }, 
   {
    "bloque": {
     "url": "/api/0/bloques/333b41ec-504c-4613-af9a-2cded0d9774c/", 
     "nombre": "Vecinalista - Partido Nuevo", 
     "uuid": "333b41ec-504c-4613-af9a-2cded0d9774c"
    }
   }, 
   {
    "bloque": {
     "url": "/api/0/bloques/fc862fd9-ba10-4972-9f42-eba10a34d937/", 
     "nombre": "Justicialista 17 de Octubre", 
     "uuid": "fc862fd9-ba10-4972-9f42-eba10a34d937"
    }
   }, 
   {
    "bloque": {
     "url": "/api/0/bloques/9da12467-edcd-47e3-8d79-f92d45da5909/", 
     "nombre": "Fiscal", 
     "uuid": "9da12467-edcd-47e3-8d79-f92d45da5909"
    }
   }, 
   {
    "bloque": {
     "url": "/api/0/bloques/776ea95b-135c-4b77-ba53-7e7b48bd0e4b/", 
     "nombre": "Renovaci\u00f3n y Desarrollo Social (REDES)", 
     "uuid": "776ea95b-135c-4b77-ba53-7e7b48bd0e4b"
    }
   }, 
   {
    "bloque": {
     "url": "/api/0/bloques/59908304-507f-4fb5-9b47-063ec4a4a836/", 
     "nombre": "Dem\u00f3crata", 
     "uuid": "59908304-507f-4fb5-9b47-063ec4a4a836"
    }
   }, 
   {
    "bloque": {
     "url": "/api/0/bloques/f532278d-0aed-48de-a873-bf3b8b59003c/", 
     "nombre": "Autodeterminaci\u00f3n y Libertad", 
     "uuid": "f532278d-0aed-48de-a873-bf3b8b59003c"
    }
   }, 
   {
    "bloque": {
     "url": "/api/0/bloques/965a20a5-1f5c-4e01-8b9e-400f4353e6d4/", 
     "nombre": "Lealtad y Dignidad Justicialista", 
     "uuid": "965a20a5-1f5c-4e01-8b9e-400f4353e6d4"
    }
   }, 
   {
    "bloque": {
     "url": "/api/0/bloques/6ea27696-556b-443d-b61c-0a2b3743380f/", 
     "nombre": "Frente del Movimiento Popular", 
     "uuid": "6ea27696-556b-443d-b61c-0a2b3743380f"
    }
   }, 
   {
    "bloque": {
     "url": "/api/0/bloques/a1543f63-74ec-4c46-abf4-13fae619a86a/", 
     "nombre": "Proyecto Corrientes", 
     "uuid": "a1543f63-74ec-4c46-abf4-13fae619a86a"
    }
   }, 
   {
    "bloque": {
     "url": "/api/0/bloques/f4bbadcc-fde0-4e49-8c11-ed23e6e26a6e/", 
     "nombre": "Frente Movimiento Popular", 
     "uuid": "f4bbadcc-fde0-4e49-8c11-ed23e6e26a6e"
    }
   }, 
   {
    "bloque": {
     "url": "/api/0/bloques/b8f0447e-5b09-4650-9085-17d3442d3e8a/", 
     "nombre": "Renovador", 
     "uuid": "b8f0447e-5b09-4650-9085-17d3442d3e8a"
    }
   }, 
   {
    "bloque": {
     "url": "/api/0/bloques/234fb5b0-3a52-4682-ad36-7742a72c1ee5/", 
     "nombre": "UCEDE", 
     "uuid": "234fb5b0-3a52-4682-ad36-7742a72c1ee5"
    }
   }, 
   {
    "bloque": {
     "url": "/api/0/bloques/b34b682a-ee2c-411b-a0d1-40f15b488de8/", 
     "nombre": "Frente Popular Bonaerense", 
     "uuid": "b34b682a-ee2c-411b-a0d1-40f15b488de8"
    }
   }, 
   {
    "bloque": {
     "url": "/api/0/bloques/4cf4810f-4f7d-4ae4-ab73-288e75a0a475/", 
     "nombre": "Nuevo Espacio Entrerriano", 
     "uuid": "4cf4810f-4f7d-4ae4-ab73-288e75a0a475"
    }
   }, 
   {
    "bloque": {
     "url": "/api/0/bloques/82fef2d6-a7c5-4b9c-9e91-c7609be291cc/", 
     "nombre": "Peronismo Popular", 
     "uuid": "82fef2d6-a7c5-4b9c-9e91-c7609be291cc"
    }
   }, 
   {
    "bloque": {
     "url": "/api/0/bloques/81247d91-e5f7-43ac-a94f-3582f0fefa57/", 
     "nombre": "Partido Nuevo", 
     "uuid": "81247d91-e5f7-43ac-a94f-3582f0fefa57"
    }
   }, 
   {
    "bloque": {
     "url": "/api/0/bloques/9d331669-9c06-4e47-acb9-cb8698a30a76/", 
     "nombre": "Encuentro de los Rionegrinos", 
     "uuid": "9d331669-9c06-4e47-acb9-cb8698a30a76"
    }
   }, 
   {
    "bloque": {
     "url": "/api/0/bloques/c59038d0-2f78-4aba-959f-dfd15e74605e/", 
     "nombre": "Polo Social", 
     "uuid": "c59038d0-2f78-4aba-959f-dfd15e74605e"
    }
   }, 
   {
    "bloque": {
     "url": "/api/0/bloques/d8be6ffa-fe89-4a77-acc5-0b5d76eaec10/", 
     "nombre": "Eva Per\u00f3n", 
     "uuid": "d8be6ffa-fe89-4a77-acc5-0b5d76eaec10"
    }
   }, 
   {
    "bloque": {
     "url": "/api/0/bloques/c148bd75-14b2-4788-a1a2-771b255a4eff/", 
     "nombre": "Radical Rionegrino", 
     "uuid": "c148bd75-14b2-4788-a1a2-771b255a4eff"
    }
   }, 
   {
    "bloque": {
     "url": "/api/0/bloques/f19582e1-2389-4b2b-91d3-279db73de643/", 
     "nombre": "Proyecto Social Alternativo", 
     "uuid": "f19582e1-2389-4b2b-91d3-279db73de643"
    }
   }, 
   {
    "bloque": {
     "url": "/api/0/bloques/15197786-451e-4746-9add-52afbb1bdcc3/", 
     "nombre": "Justicialista DIALOG AR", 
     "uuid": "15197786-451e-4746-9add-52afbb1bdcc3"
    }
   }, 
   {
    "bloque": {
     "url": "/api/0/bloques/15bfaf96-665f-4984-abfc-bfefe73b11e2/", 
     "nombre": "Acci\u00f3n Republicana", 
     "uuid": "15bfaf96-665f-4984-abfc-bfefe73b11e2"
    }
   }, 
   {
    "bloque": {
     "url": "/api/0/bloques/d78e1767-0519-4196-bde7-ffec0ce1efb1/", 
     "nombre": "Recrear para el Crecimiento", 
     "uuid": "d78e1767-0519-4196-bde7-ffec0ce1efb1"
    }
   }, 
   {
    "bloque": {
     "url": "/api/0/bloques/01d621ab-73a1-49a1-8037-cbb3a7c85d4f/", 
     "nombre": "Uni\u00f3n por Argentina", 
     "uuid": "01d621ab-73a1-49a1-8037-cbb3a7c85d4f"
    }
   }, 
   {
    "bloque": {
     "url": "/api/0/bloques/384f34e1-88b7-4d4e-88b7-1eb3fa33927f/", 
     "nombre": "Esperanza Federal", 
     "uuid": "384f34e1-88b7-4d4e-88b7-1eb3fa33927f"
    }
   }, 
   {
    "bloque": {
     "url": "/api/0/bloques/27238a65-be92-4b99-b188-02e55ff8df14/", 
     "nombre": "MMTA", 
     "uuid": "27238a65-be92-4b99-b188-02e55ff8df14"
    }
   }, 
   {
    "bloque": {
     "url": "/api/0/bloques/cbcd5d47-2f07-4492-8984-21515c0fadad/", 
     "nombre": "Frente de Unidad Provincial", 
     "uuid": "cbcd5d47-2f07-4492-8984-21515c0fadad"
    }
   }, 
   {
    "bloque": {
     "url": "/api/0/bloques/e7312964-eb61-4768-a169-8df54d8fe615/", 
     "nombre": "Encuentro Popular", 
     "uuid": "e7312964-eb61-4768-a169-8df54d8fe615"
    }
   }, 
   {
    "bloque": {
     "url": "/api/0/bloques/e965f287-899e-42c2-b28e-3b257aca99cb/", 
     "nombre": "Social Patagonico", 
     "uuid": "e965f287-899e-42c2-b28e-3b257aca99cb"
    }
   }, 
   {
    "bloque": {
     "url": "/api/0/bloques/834206a8-2e3c-4389-a6f7-099656ba9e0c/", 
     "nombre": "SI por la Unidad Popular", 
     "uuid": "834206a8-2e3c-4389-a6f7-099656ba9e0c"
    }
   }, 
   {
    "bloque": {
     "url": "/api/0/bloques/fc7d4725-974b-4bd3-b2e1-a9e9ef23bf97/", 
     "nombre": "Unipersonal Ricardo Balbin", 
     "uuid": "fc7d4725-974b-4bd3-b2e1-a9e9ef23bf97"
    }
   }, 
   {
    "bloque": {
     "url": "/api/0/bloques/90b37c93-dad2-418f-9090-7c8ead92d8fe/", 
     "nombre": "Dialogo por Buenos Aires", 
     "uuid": "90b37c93-dad2-418f-9090-7c8ead92d8fe"
    }
   }, 
   {
    "bloque": {
     "url": "/api/0/bloques/df429983-8e1d-423c-990b-ac5feb864f6f/", 
     "nombre": "CruzadaRenovadora", 
     "uuid": "df429983-8e1d-423c-990b-ac5feb864f6f"
    }
   }, 
   {
    "bloque": {
     "url": "/api/0/bloques/f363e4a4-5e60-4e4b-88a0-cd11cc35aecb/", 
     "nombre": "De la Concertaci\u00f3n", 
     "uuid": "f363e4a4-5e60-4e4b-88a0-cd11cc35aecb"
    }
   }, 
   {
    "bloque": {
     "url": "/api/0/bloques/b4cad61e-0e53-4be7-80da-2d1febdbdc3e/", 
     "nombre": "Peronista Federal", 
     "uuid": "b4cad61e-0e53-4be7-80da-2d1febdbdc3e"
    }
   }, 
   {
    "bloque": {
     "url": "/api/0/bloques/0838530c-d7a3-4431-8be9-e3982b02968a/", 
     "nombre": "Radical Independiente", 
     "uuid": "0838530c-d7a3-4431-8be9-e3982b02968a"
    }
   }, 
   {
    "bloque": {
     "url": "/api/0/bloques/3011561b-e1ee-4eeb-a103-6c411c825ef4/", 
     "nombre": "La Argentina de los Valores", 
     "uuid": "3011561b-e1ee-4eeb-a103-6c411c825ef4"
    }
   }, 
   {
    "bloque": {
     "url": "/api/0/bloques/b92a2de0-5690-4961-864e-4bb4d3dcd146/", 
     "nombre": "Puntano Independiente", 
     "uuid": "b92a2de0-5690-4961-864e-4bb4d3dcd146"
    }
   }, 
   {
    "bloque": {
     "url": "/api/0/bloques/fb2c2234-4069-4bd5-b087-b0ca359b0ea9/", 
     "nombre": "Unipersonal", 
     "uuid": "fb2c2234-4069-4bd5-b087-b0ca359b0ea9"
    }
   }, 
   {
    "bloque": {
     "url": "/api/0/bloques/62e85576-d9c0-4f21-9cf8-d131d132a66f/", 
     "nombre": "Frente Grande", 
     "uuid": "62e85576-d9c0-4f21-9cf8-d131d132a66f"
    }
   }, 
   {
    "bloque": {
     "url": "/api/0/bloques/094b1b3e-fe70-4d3f-a7ba-5b0698ebc1ff/", 
     "nombre": "Partido de la Victoria", 
     "uuid": "094b1b3e-fe70-4d3f-a7ba-5b0698ebc1ff"
    }
   }, 
   {
    "bloque": {
     "url": "/api/0/bloques/c42ca422-65a4-4202-88c7-7af3501187c0/", 
     "nombre": "Concertaci\u00f3n Entrerriana", 
     "uuid": "c42ca422-65a4-4202-88c7-7af3501187c0"
    }
   }, 
   {
    "bloque": {
     "url": "/api/0/bloques/7bee9911-5f10-4f21-9b3b-40d79aeb0ba8/", 
     "nombre": "Vida y Compromiso", 
     "uuid": "7bee9911-5f10-4f21-9b3b-40d79aeb0ba8"
    }
   }, 
   {
    "bloque": {
     "url": "/api/0/bloques/662eaaf0-c75d-4ab7-80b4-bb3928586dbd/", 
     "nombre": "Justicialista Nacional", 
     "uuid": "662eaaf0-c75d-4ab7-80b4-bb3928586dbd"
    }
   }, 
   {
    "bloque": {
     "url": "/api/0/bloques/61294144-4eee-4f82-9048-66eccd6c8741/", 
     "nombre": "Guardia Peronista", 
     "uuid": "61294144-4eee-4f82-9048-66eccd6c8741"
    }
   }, 
   {
    "bloque": {
     "url": "/api/0/bloques/d2cab1c8-0367-4aac-92b2-688dc67f2633/", 
     "nombre": "Frente Producci\u00f3n y Trabajo", 
     "uuid": "d2cab1c8-0367-4aac-92b2-688dc67f2633"
    }
   }, 
   {
    "bloque": {
     "url": "/api/0/bloques/ff453925-408a-439d-9b8c-5e8f9b0a184a/", 
     "nombre": "Movimiento Pampa Sur", 
     "uuid": "ff453925-408a-439d-9b8c-5e8f9b0a184a"
    }
   }, 
   {
    "bloque": {
     "url": "/api/0/bloques/e504ded5-aab0-4974-bd7c-e6461200a743/", 
     "nombre": "Frente C\u00edvico y Social", 
     "uuid": "e504ded5-aab0-4974-bd7c-e6461200a743"
    }
   }, 
   {
    "bloque": {
     "url": "/api/0/bloques/93676781-a8e3-42c4-b28c-764d2fba1e68/", 
     "nombre": "Movimiento Independiente", 
     "uuid": "93676781-a8e3-42c4-b28c-764d2fba1e68"
    }
   }, 
   {
    "bloque": {
     "url": "/api/0/bloques/908632ea-0a97-4088-9be0-13a7f39c7a52/", 
     "nombre": "Propuesta Peronista", 
     "uuid": "908632ea-0a97-4088-9be0-13a7f39c7a52"
    }
   }, 
   {
    "bloque": {
     "url": "/api/0/bloques/f0849fdb-c44e-4c5d-92ca-14469d92d9c1/", 
     "nombre": "Nacional Sindical", 
     "uuid": "f0849fdb-c44e-4c5d-92ca-14469d92d9c1"
    }
   }, 
   {
    "bloque": {
     "url": "/api/0/bloques/825fab43-5041-41f7-b165-1a39567d5e55/", 
     "nombre": "Por la Verdad", 
     "uuid": "825fab43-5041-41f7-b165-1a39567d5e55"
    }
   }, 
   {
    "bloque": {
     "url": "/api/0/bloques/2eb633e4-8e2b-4bbb-8064-38e84dab6b54/", 
     "nombre": "Peronismo Peronista", 
     "uuid": "2eb633e4-8e2b-4bbb-8064-38e84dab6b54"
    }
   }, 
   {
    "bloque": {
     "url": "/api/0/bloques/7c45ae91-c5ef-4d69-aeaf-db37e4a1964e/", 
     "nombre": "Dignidad y Justicia", 
     "uuid": "7c45ae91-c5ef-4d69-aeaf-db37e4a1964e"
    }
   }
  ]
 }
}