{
 "status": "OK", 
 "payload": {
  "comisiones": [
   {
    "comision": {
     "url": "/api/0/comisiones/b8bedc3a-e2b1-4359-bf8e-35c5865cf6a2/", 
     "nombre": "Legislacion penal", 
     "uuid": "b8bedc3a-e2b1-4359-bf8e-35c5865cf6a2", 
     "camara": "D"
    }
   }, 
   {
    "comision": {
     "url": "/api/0/comisiones/c6d8402e-6847-4a6f-82f5-719638d7cea2/", 
     "nombre": "Familia, mujer, ni\u00f1ez y adolescencia", 
     "uuid": "c6d8402e-6847-4a6f-82f5-719638d7cea2", 
     "camara": "D"
    }
   }, 
   {
    "comision": {
     "url": "/api/0/comisiones/8cc33129-b37d-4abd-835e-39d2d569ece9/", 
     "nombre": "Comunicaciones e informatica", 
     "uuid": "8cc33129-b37d-4abd-835e-39d2d569ece9", 
     "camara": "D"
    }
   }, 
   {
    "comision": {
     "url": "/api/0/comisiones/336ea950-d931-4afb-8ede-536ef6d68e51/", 
     "nombre": "Comercio", 
     "uuid": "336ea950-d931-4afb-8ede-536ef6d68e51", 
     "camara": "D"
    }
   }, 
   {
    "comision": {
     "url": "/api/0/comisiones/3243384d-1ebb-485c-bf25-a89b4416d38f/", 
     "nombre": "Cultura", 
     "uuid": "3243384d-1ebb-485c-bf25-a89b4416d38f", 
     "camara": "D"
    }
   }, 
   {
    "comision": {
     "url": "/api/0/comisiones/55571f79-4d77-42f8-9b27-9b7494e21745/", 
     "nombre": "Intereses maritimos, fluviales, pesqueros y portuarios", 
     "uuid": "55571f79-4d77-42f8-9b27-9b7494e21745", 
     "camara": "D"
    }
   }, 
   {
    "comision": {
     "url": "/api/0/comisiones/f716591d-4984-484b-b555-48ec1df72225/", 
     "nombre": "Industria", 
     "uuid": "f716591d-4984-484b-b555-48ec1df72225", 
     "camara": "D"
    }
   }, 
   {
    "comision": {
     "url": "/api/0/comisiones/f496c873-03ff-48fb-9f01-8140ec493ec3/", 
     "nombre": "Legislacion general", 
     "uuid": "f496c873-03ff-48fb-9f01-8140ec493ec3", 
     "camara": "D"
    }
   }, 
   {
    "comision": {
     "url": "/api/0/comisiones/9311db11-37bf-45f3-8879-e9690482faba/", 
     "nombre": "Transportes", 
     "uuid": "9311db11-37bf-45f3-8879-e9690482faba", 
     "camara": "D"
    }
   }, 
   {
    "comision": {
     "url": "/api/0/comisiones/662f44e4-687a-499a-82b3-f7e27d2f4d3e/", 
     "nombre": "Accion social y salud publica", 
     "uuid": "662f44e4-687a-499a-82b3-f7e27d2f4d3e", 
     "camara": "D"
    }
   }, 
   {
    "comision": {
     "url": "/api/0/comisiones/1101a131-f2a3-4dab-95f6-6157ab4151f3/", 
     "nombre": "Relaciones exteriores y culto", 
     "uuid": "1101a131-f2a3-4dab-95f6-6157ab4151f3", 
     "camara": "D"
    }
   }, 
   {
    "comision": {
     "url": "/api/0/comisiones/598f519d-de8d-465b-b21a-5df54c2ebd6d/", 
     "nombre": "Agricultura y ganaderia", 
     "uuid": "598f519d-de8d-465b-b21a-5df54c2ebd6d", 
     "camara": "D"
    }
   }, 
   {
    "comision": {
     "url": "/api/0/comisiones/9d965a7f-651c-4828-b95e-6b1bf9af6615/", 
     "nombre": "Justicia", 
     "uuid": "9d965a7f-651c-4828-b95e-6b1bf9af6615", 
     "camara": "D"
    }
   }, 
   {
    "comision": {
     "url": "/api/0/comisiones/b386fb4c-be08-440e-9070-fa8cf04aef9a/", 
     "nombre": "Presupuesto y hacienda", 
     "uuid": "b386fb4c-be08-440e-9070-fa8cf04aef9a", 
     "camara": "D"
    }
   }, 
   {
    "comision": {
     "url": "/api/0/comisiones/d52eff72-1c6d-4296-b520-6779cdaa3f5a/", 
     "nombre": "Tercera edad", 
     "uuid": "d52eff72-1c6d-4296-b520-6779cdaa3f5a", 
     "camara": "D"
    }
   }, 
   {
    "comision": {
     "url": "/api/0/comisiones/7f56f4a0-c08f-46d6-8d9b-1ce1b6a22559/", 
     "nombre": "Asuntos constitucionales", 
     "uuid": "7f56f4a0-c08f-46d6-8d9b-1ce1b6a22559", 
     "camara": "D"
    }
   }, 
   {
    "comision": {
     "url": "/api/0/comisiones/93c3a3ef-d7a8-4e8b-8e69-2091b12d3745/", 
     "nombre": "Derechos humanos y garantias", 
     "uuid": "93c3a3ef-d7a8-4e8b-8e69-2091b12d3745", 
     "camara": "D"
    }
   }, 
   {
    "comision": {
     "url": "/api/0/comisiones/e71e35b5-5224-487b-9a4a-be106e49f178/", 
     "nombre": "Legislacion del trabajo", 
     "uuid": "e71e35b5-5224-487b-9a4a-be106e49f178", 
     "camara": "D"
    }
   }, 
   {
    "comision": {
     "url": "/api/0/comisiones/806f3a90-167d-4f29-8623-1e6339facd74/", 
     "nombre": "Seguridad interior", 
     "uuid": "806f3a90-167d-4f29-8623-1e6339facd74", 
     "camara": "D"
    }
   }, 
   {
    "comision": {
     "url": "/api/0/comisiones/9b6a8820-7e75-4616-b89d-2032f329c041/", 
     "nombre": "Energia y combustibles", 
     "uuid": "9b6a8820-7e75-4616-b89d-2032f329c041", 
     "camara": "D"
    }
   }, 
   {
    "comision": {
     "url": "/api/0/comisiones/06fa25a1-2611-445e-9237-14b6047519e2/", 
     "nombre": "Defensa nacional", 
     "uuid": "06fa25a1-2611-445e-9237-14b6047519e2", 
     "camara": "D"
    }
   }, 
   {
    "comision": {
     "url": "/api/0/comisiones/fbee35d7-3e32-4091-b07e-55cb12488b04/", 
     "nombre": "Economia", 
     "uuid": "fbee35d7-3e32-4091-b07e-55cb12488b04", 
     "camara": "D"
    }
   }, 
   {
    "comision": {
     "url": "/api/0/comisiones/cdcb4b3c-f8c0-4c5c-95dc-0dd73d33a691/", 
     "nombre": "Asuntos municipales", 
     "uuid": "cdcb4b3c-f8c0-4c5c-95dc-0dd73d33a691", 
     "camara": "D"
    }
   }, 
   {
    "comision": {
     "url": "/api/0/comisiones/5f245752-d50f-4a77-b7bb-e81d40a738a0/", 
     "nombre": "Asuntos cooperativos, mutuales y de org.no gubernamentales", 
     "uuid": "5f245752-d50f-4a77-b7bb-e81d40a738a0", 
     "camara": "D"
    }
   }, 
   {
    "comision": {
     "url": "/api/0/comisiones/2719f7df-bfc6-416e-ab9f-ed1124c37b78/", 
     "nombre": "Educacion", 
     "uuid": "2719f7df-bfc6-416e-ab9f-ed1124c37b78", 
     "camara": "D"
    }
   }, 
   {
    "comision": {
     "url": "/api/0/comisiones/499ec49c-860b-4868-9b81-a601d8efd781/", 
     "nombre": "Mineria", 
     "uuid": "499ec49c-860b-4868-9b81-a601d8efd781", 
     "camara": "D"
    }
   }, 
   {
    "comision": {
     "url": "/api/0/comisiones/206148f2-f6a3-4bb3-b17b-098d7be091bb/", 
     "nombre": "Recursos naturales y conservacion del ambiente humano", 
     "uuid": "206148f2-f6a3-4bb3-b17b-098d7be091bb", 
     "camara": "D"
    }
   }, 
   {
    "comision": {
     "url": "/api/0/comisiones/15b6b336-5353-4297-949f-1bfcb4b678c2/", 
     "nombre": "Poblacion y desarrollo humano", 
     "uuid": "15b6b336-5353-4297-949f-1bfcb4b678c2", 
     "camara": "D"
    }
   }, 
   {
    "comision": {
     "url": "/api/0/comisiones/7f8f43de-90db-48ae-8152-9d0719fa01dc/", 
     "nombre": "Prevision y seguridad social", 
     "uuid": "7f8f43de-90db-48ae-8152-9d0719fa01dc", 
     "camara": "D"
    }
   }, 
   {
    "comision": {
     "url": "/api/0/comisiones/7b8b718a-4c6a-4c36-88fe-066be3c8c391/", 
     "nombre": "Discapacidad", 
     "uuid": "7b8b718a-4c6a-4c36-88fe-066be3c8c391", 
     "camara": "D"
    }
   }, 
   {
    "comision": {
     "url": "/api/0/comisiones/9ca38fe4-0a5c-4667-9dcc-c16eefe096a9/", 
     "nombre": "Libertad de expresion", 
     "uuid": "9ca38fe4-0a5c-4667-9dcc-c16eefe096a9", 
     "camara": "D"
    }
   }, 
   {
    "comision": {
     "url": "/api/0/comisiones/55ff7d87-421a-4de9-820d-a56ce95b6360/", 
     "nombre": "Finanzas", 
     "uuid": "55ff7d87-421a-4de9-820d-a56ce95b6360", 
     "camara": "D"
    }
   }, 
   {
    "comision": {
     "url": "/api/0/comisiones/94a69437-c8bb-4478-ac3f-15b3b39670ad/", 
     "nombre": "Peticiones, poderes y reglamento", 
     "uuid": "94a69437-c8bb-4478-ac3f-15b3b39670ad", 
     "camara": "D"
    }
   }, 
   {
    "comision": {
     "url": "/api/0/comisiones/6324bc72-1ff8-4392-92aa-e2651403be10/", 
     "nombre": "Asuntos constitucionales", 
     "uuid": "6324bc72-1ff8-4392-92aa-e2651403be10", 
     "camara": "S"
    }
   }, 
   {
    "comision": {
     "url": "/api/0/comisiones/ad90cfc9-3b9a-4b4f-b7a6-f633da50095e/", 
     "nombre": "Turismo", 
     "uuid": "ad90cfc9-3b9a-4b4f-b7a6-f633da50095e", 
     "camara": "D"
    }
   }, 
   {
    "comision": {
     "url": "/api/0/comisiones/d5081726-7716-485a-a583-b86866d7d40a/", 
     "nombre": "Educacion y cultura", 
     "uuid": "d5081726-7716-485a-a583-b86866d7d40a", 
     "camara": "S"
    }
   }, 
   {
    "comision": {
     "url": "/api/0/comisiones/d1476ecc-b274-4279-a870-3866863951b4/", 
     "nombre": "Salud y deporte", 
     "uuid": "d1476ecc-b274-4279-a870-3866863951b4", 
     "camara": "S"
    }
   }, 
   {
    "comision": {
     "url": "/api/0/comisiones/a244c0ae-73a7-403a-8b0e-bf72b813056d/", 
     "nombre": "Labor parlamentaria", 
     "uuid": "a244c0ae-73a7-403a-8b0e-bf72b813056d", 
     "camara": "D"
    }
   }, 
   {
    "comision": {
     "url": "/api/0/comisiones/0f6cadc0-2b6f-4fc3-bc25-59ef3ad0f07b/", 
     "nombre": "Poblacion y desarrollo humano", 
     "uuid": "0f6cadc0-2b6f-4fc3-bc25-59ef3ad0f07b", 
     "camara": "S"
    }
   }, 
   {
    "comision": {
     "url": "/api/0/comisiones/a915baad-2752-4fdf-b412-9633ebd651d8/", 
     "nombre": "Trabajo y prevision social", 
     "uuid": "a915baad-2752-4fdf-b412-9633ebd651d8", 
     "camara": "S"
    }
   }, 
   {
    "comision": {
     "url": "/api/0/comisiones/53b888c7-0f0e-4267-a343-5bfdc1430539/", 
     "nombre": "Justicia y asuntos penales", 
     "uuid": "53b888c7-0f0e-4267-a343-5bfdc1430539", 
     "camara": "S"
    }
   }, 
   {
    "comision": {
     "url": "/api/0/comisiones/2f45607f-dbaa-451f-a372-0755eb119d23/", 
     "nombre": "Presupuesto y hacienda", 
     "uuid": "2f45607f-dbaa-451f-a372-0755eb119d23", 
     "camara": "S"
    }
   }, 
   {
    "comision": {
     "url": "/api/0/comisiones/31bfaf59-8c55-4c42-84c1-a5007c7de125/", 
     "nombre": "Legislacion general", 
     "uuid": "31bfaf59-8c55-4c42-84c1-a5007c7de125", 
     "camara": "S"
    }
   }, 
   {
    "comision": {
     "url": "/api/0/comisiones/a7c7c124-fb8d-4840-ad4e-d08a692ff982/", 
     "nombre": "Agricultura, ganaderia y pesca", 
     "uuid": "a7c7c124-fb8d-4840-ad4e-d08a692ff982", 
     "camara": "S"
    }
   }, 
   {
    "comision": {
     "url": "/api/0/comisiones/c95977d8-eb02-4df4-b9c0-f4d85b60b5fa/", 
     "nombre": "Infraestructura, vivienda y transporte", 
     "uuid": "c95977d8-eb02-4df4-b9c0-f4d85b60b5fa", 
     "camara": "S"
    }
   }, 
   {
    "comision": {
     "url": "/api/0/comisiones/53bbc50f-9e6f-4afb-8458-2272a3682d8e/", 
     "nombre": "Asuntos administrativos y municipales", 
     "uuid": "53bbc50f-9e6f-4afb-8458-2272a3682d8e", 
     "camara": "S"
    }
   }, 
   {
    "comision": {
     "url": "/api/0/comisiones/d51dde22-223e-4c40-9b99-2f9bf62485dc/", 
     "nombre": "Defensa del consumidor, del usuario y de la competencia", 
     "uuid": "d51dde22-223e-4c40-9b99-2f9bf62485dc", 
     "camara": "D"
    }
   }, 
   {
    "comision": {
     "url": "/api/0/comisiones/bfa8571c-ffbe-4239-84d7-795b8382c812/", 
     "nombre": "Ciencia y tecnologia", 
     "uuid": "bfa8571c-ffbe-4239-84d7-795b8382c812", 
     "camara": "D"
    }
   }, 
   {
    "comision": {
     "url": "/api/0/comisiones/d21dc3f8-c864-4e1b-a2cf-3358259da1ad/", 
     "nombre": "Obras publicas", 
     "uuid": "d21dc3f8-c864-4e1b-a2cf-3358259da1ad", 
     "camara": "D"
    }
   }, 
   {
    "comision": {
     "url": "/api/0/comisiones/62827fac-e2ea-48c2-aaa2-158f67ce0807/", 
     "nombre": "Ambiente y desarrollo sustentable", 
     "uuid": "62827fac-e2ea-48c2-aaa2-158f67ce0807", 
     "camara": "S"
    }
   }, 
   {
    "comision": {
     "url": "/api/0/comisiones/314ea613-4212-44cd-a74a-41054614eb4a/", 
     "nombre": "Turismo", 
     "uuid": "314ea613-4212-44cd-a74a-41054614eb4a", 
     "camara": "S"
    }
   }, 
   {
    "comision": {
     "url": "/api/0/comisiones/f70a798f-e24b-45d9-85f0-d279f60baedd/", 
     "nombre": "Economia nacional e inversion", 
     "uuid": "f70a798f-e24b-45d9-85f0-d279f60baedd", 
     "camara": "S"
    }
   }, 
   {
    "comision": {
     "url": "/api/0/comisiones/b55bd7c5-8382-4bf3-941c-7be62d19c8a3/", 
     "nombre": "Seguridad interior y narcotrafico", 
     "uuid": "b55bd7c5-8382-4bf3-941c-7be62d19c8a3", 
     "camara": "S"
    }
   }, 
   {
    "comision": {
     "url": "/api/0/comisiones/f00a4378-afcc-4d0a-a981-f3ee228d12db/", 
     "nombre": "Defensa nacional", 
     "uuid": "f00a4378-afcc-4d0a-a981-f3ee228d12db", 
     "camara": "S"
    }
   }, 
   {
    "comision": {
     "url": "/api/0/comisiones/d9444475-b2f3-40d1-bd6e-9594eb4771b0/", 
     "nombre": "A la presidencia", 
     "uuid": "d9444475-b2f3-40d1-bd6e-9594eb4771b0", 
     "camara": "D"
    }
   }, 
   {
    "comision": {
     "url": "/api/0/comisiones/204315a3-5c61-4786-aa97-d646177fe8bc/", 
     "nombre": "Mercosur", 
     "uuid": "204315a3-5c61-4786-aa97-d646177fe8bc", 
     "camara": "D"
    }
   }, 
   {
    "comision": {
     "url": "/api/0/comisiones/da85bd72-11f1-41de-ab24-9649926fd5aa/", 
     "nombre": "Deportes", 
     "uuid": "da85bd72-11f1-41de-ab24-9649926fd5aa", 
     "camara": "D"
    }
   }, 
   {
    "comision": {
     "url": "/api/0/comisiones/40f162eb-ad67-44b3-87b2-9ce66a5c952e/", 
     "nombre": "Derechos y garantias", 
     "uuid": "40f162eb-ad67-44b3-87b2-9ce66a5c952e", 
     "camara": "S"
    }
   }, 
   {
    "comision": {
     "url": "/api/0/comisiones/39f14d38-bfc8-4754-92bc-3f3df10cdb7f/", 
     "nombre": "Sistemas, medios de comunicacion y libertad de expresion", 
     "uuid": "39f14d38-bfc8-4754-92bc-3f3df10cdb7f", 
     "camara": "S"
    }
   }, 
   {
    "comision": {
     "url": "/api/0/comisiones/dd8d5cfe-678a-42c3-b51e-de20337e21c5/", 
     "nombre": "Industria y comercio", 
     "uuid": "dd8d5cfe-678a-42c3-b51e-de20337e21c5", 
     "camara": "S"
    }
   }, 
   {
    "comision": {
     "url": "/api/0/comisiones/e96654a3-359d-4fca-bd8e-d301f4fc412e/", 
     "nombre": "Ciencia y tecnologia", 
     "uuid": "e96654a3-359d-4fca-bd8e-d301f4fc412e", 
     "camara": "S"
    }
   }, 
   {
    "comision": {
     "url": "/api/0/comisiones/96284151-4a22-40f9-bd60-20466d7c24c1/", 
     "nombre": "Relaciones exteriores y culto", 
     "uuid": "96284151-4a22-40f9-bd60-20466d7c24c1", 
     "camara": "S"
    }
   }, 
   {
    "comision": {
     "url": "/api/0/comisiones/70bc4970-272b-4375-8a34-71157d452466/", 
     "nombre": "Prevencion de adicciones y control del narcotrafico", 
     "uuid": "70bc4970-272b-4375-8a34-71157d452466", 
     "camara": "D"
    }
   }, 
   {
    "comision": {
     "url": "/api/0/comisiones/22d537e2-2b1f-4f37-b43c-f39e38b1029e/", 
     "nombre": "Sobre tablas", 
     "uuid": "22d537e2-2b1f-4f37-b43c-f39e38b1029e", 
     "camara": "S"
    }
   }, 
   {
    "comision": {
     "url": "/api/0/comisiones/62f7d3d1-0e64-461b-b980-e403e1d24a4e/", 
     "nombre": "Mineria, energia y combustibles", 
     "uuid": "62f7d3d1-0e64-461b-b980-e403e1d24a4e", 
     "camara": "S"
    }
   }, 
   {
    "comision": {
     "url": "/api/0/comisiones/1cc3e4cc-0edf-41ed-beee-a909d6bb32a7/", 
     "nombre": "Coparticipacion federal de impuestos", 
     "uuid": "1cc3e4cc-0edf-41ed-beee-a909d6bb32a7", 
     "camara": "S"
    }
   }, 
   {
    "comision": {
     "url": "/api/0/comisiones/fafcd5bd-be77-4180-8cce-25ad4953b50f/", 
     "nombre": "Economias y desarrollo regional", 
     "uuid": "fafcd5bd-be77-4180-8cce-25ad4953b50f", 
     "camara": "D"
    }
   }, 
   {
    "comision": {
     "url": "/api/0/comisiones/1ee4cd72-6915-4b8e-9d43-6fb6e8386998/", 
     "nombre": "Parlamentaria mixta revisora de cuentas de la administracion", 
     "uuid": "1ee4cd72-6915-4b8e-9d43-6fb6e8386998", 
     "camara": "D"
    }
   }, 
   {
    "comision": {
     "url": "/api/0/comisiones/0ddfc22e-da45-42fb-ac67-3a1210b24d82/", 
     "nombre": "Parlamentaria mixta revisora de cuentas de la administracion", 
     "uuid": "0ddfc22e-da45-42fb-ac67-3a1210b24d82", 
     "camara": "S"
    }
   }, 
   {
    "comision": {
     "url": "/api/0/comisiones/522e5353-653b-4c36-a7cd-6894ac55f92f/", 
     "nombre": "Economias regionales, micro, peque\u00f1a y mediana empresa", 
     "uuid": "522e5353-653b-4c36-a7cd-6894ac55f92f", 
     "camara": "S"
    }
   }, 
   {
    "comision": {
     "url": "/api/0/comisiones/630032f9-3e66-4e95-8fea-7b5abd505d41/", 
     "nombre": "Defensa del consumidor", 
     "uuid": "630032f9-3e66-4e95-8fea-7b5abd505d41", 
     "camara": "D"
    }
   }, 
   {
    "comision": {
     "url": "/api/0/comisiones/e8438a29-a980-4db7-a50d-9574b294ab8b/", 
     "nombre": "Vivienda y ordenamiento urbano", 
     "uuid": "e8438a29-a980-4db7-a50d-9574b294ab8b", 
     "camara": "D"
    }
   }, 
   {
    "comision": {
     "url": "/api/0/comisiones/941d8c37-119a-44bc-95a4-53fc1483cde7/", 
     "nombre": "Bicameral de la defensoria del pueblo", 
     "uuid": "941d8c37-119a-44bc-95a4-53fc1483cde7", 
     "camara": "S"
    }
   }, 
   {
    "comision": {
     "url": "/api/0/comisiones/0481b7ab-da9e-4d9d-8da3-06ea6c82ecd7/", 
     "nombre": "Acuerdos", 
     "uuid": "0481b7ab-da9e-4d9d-8da3-06ea6c82ecd7", 
     "camara": "S"
    }
   }, 
   {
    "comision": {
     "url": "/api/0/comisiones/b3de789f-95bb-48f7-bdd2-3c9afdeebaa6/", 
     "nombre": "Educacion, cultura, ciencia y tecnologia", 
     "uuid": "b3de789f-95bb-48f7-bdd2-3c9afdeebaa6", 
     "camara": "S"
    }
   }, 
   {
    "comision": {
     "url": "/api/0/comisiones/eff499ed-bfe4-49fe-9226-d4352ab9f2ef/", 
     "nombre": "Peque\u00f1as y medianas empresas", 
     "uuid": "eff499ed-bfe4-49fe-9226-d4352ab9f2ef", 
     "camara": "D"
    }
   }, 
   {
    "comision": {
     "url": "/api/0/comisiones/5558b637-a5bf-4aff-84fe-5ea5f896ddbb/", 
     "nombre": "Al archivo", 
     "uuid": "5558b637-a5bf-4aff-84fe-5ea5f896ddbb", 
     "camara": "S"
    }
   }, 
   {
    "comision": {
     "url": "/api/0/comisiones/f1426623-effc-48e1-a530-79b08bcdeff3/", 
     "nombre": "Bicameral de fiscalizacion de organismos y actividades de inteligencia (ley 25520)", 
     "uuid": "f1426623-effc-48e1-a530-79b08bcdeff3", 
     "camara": "S"
    }
   }, 
   {
    "comision": {
     "url": "/api/0/comisiones/550d6453-17d6-4376-9de4-258c8ff307fc/", 
     "nombre": "A la presidencia", 
     "uuid": "550d6453-17d6-4376-9de4-258c8ff307fc", 
     "camara": "S"
    }
   }, 
   {
    "comision": {
     "url": "/api/0/comisiones/202d22d0-67eb-460b-9b02-35a27acdde3b/", 
     "nombre": "Bicameral de seguimiento de facultades delegadas al poder ejecutivo nacional - ley 25561", 
     "uuid": "202d22d0-67eb-460b-9b02-35a27acdde3b", 
     "camara": "D"
    }
   }, 
   {
    "comision": {
     "url": "/api/0/comisiones/b3882e69-24b3-4a66-a966-e8bacbf61c9c/", 
     "nombre": "Juicio politico", 
     "uuid": "b3882e69-24b3-4a66-a966-e8bacbf61c9c", 
     "camara": "D"
    }
   }, 
   {
    "comision": {
     "url": "/api/0/comisiones/440e0077-7f55-4013-bde4-22a050e40e3d/", 
     "nombre": "Analisis y seguimiento de normas tributarias y previs.", 
     "uuid": "440e0077-7f55-4013-bde4-22a050e40e3d", 
     "camara": "D"
    }
   }, 
   {
    "comision": {
     "url": "/api/0/comisiones/0e73ea21-4ca8-40d2-b957-2459399a473f/", 
     "nombre": "Sobre tablas", 
     "uuid": "0e73ea21-4ca8-40d2-b957-2459399a473f", 
     "camara": "D"
    }
   }, 
   {
    "comision": {
     "url": "/api/0/comisiones/4584bcd1-8378-4ed3-bf7e-ee15eeffdd3c/", 
     "nombre": "Bicameral de reforma del estado y seguimiento de las privatizaciones (ley 23696)", 
     "uuid": "4584bcd1-8378-4ed3-bf7e-ee15eeffdd3c", 
     "camara": "S"
    }
   }, 
   {
    "comision": {
     "url": "/api/0/comisiones/db2fe075-fa94-4a16-8c69-8e0cbbc671ed/", 
     "nombre": "Bicameral permanente de tramite legislativo - ley 26122", 
     "uuid": "db2fe075-fa94-4a16-8c69-8e0cbbc671ed", 
     "camara": "D"
    }
   }, 
   {
    "comision": {
     "url": "/api/0/comisiones/1276f818-53b0-4360-aedd-1f4c08f3931a/", 
     "nombre": "Banca de la mujer", 
     "uuid": "1276f818-53b0-4360-aedd-1f4c08f3931a", 
     "camara": "S"
    }
   }, 
   {
    "comision": {
     "url": "/api/0/comisiones/3fc21b92-d523-4c70-b84a-566cf21505de/", 
     "nombre": "Bicameral del mercosur (ley 24109)", 
     "uuid": "3fc21b92-d523-4c70-b84a-566cf21505de", 
     "camara": "S"
    }
   }, 
   {
    "comision": {
     "url": "/api/0/comisiones/543f59d9-4326-4b68-b69a-4cfe9df339bd/", 
     "nombre": "Parlamentaria conjunta argentino chilena (ley 23172)", 
     "uuid": "543f59d9-4326-4b68-b69a-4cfe9df339bd", 
     "camara": "S"
    }
   }, 
   {
    "comision": {
     "url": "/api/0/comisiones/1e3d6cf7-7482-44c0-a74c-afb7c99122a8/", 
     "nombre": "Bicameral fiscalizacion de organos y actividades de seguridad interior", 
     "uuid": "1e3d6cf7-7482-44c0-a74c-afb7c99122a8", 
     "camara": "S"
    }
   }, 
   {
    "comision": {
     "url": "/api/0/comisiones/9f62db70-fe39-4e29-b3ab-bcae7136bc7c/", 
     "nombre": "Bicameral permanente de tramite legislativo - ley 26122", 
     "uuid": "9f62db70-fe39-4e29-b3ab-bcae7136bc7c", 
     "camara": "S"
    }
   }, 
   {
    "comision": {
     "url": "/api/0/comisiones/30c45af9-217a-4923-80cf-be9980ca73e7/", 
     "nombre": "Administradora de la biblioteca del congreso", 
     "uuid": "30c45af9-217a-4923-80cf-be9980ca73e7", 
     "camara": "S"
    }
   }, 
   {
    "comision": {
     "url": "/api/0/comisiones/6895d701-26ac-460b-ac5d-5f060e4daebf/", 
     "nombre": "De la reconversion gasifera (ley 24076)", 
     "uuid": "6895d701-26ac-460b-ac5d-5f060e4daebf", 
     "camara": "S"
    }
   }, 
   {
    "comision": {
     "url": "/api/0/comisiones/b65a6d4c-fac7-45e7-a767-d09d331c8200/", 
     "nombre": "Parlamentaria conjunta del mercosur (ley 23981)", 
     "uuid": "b65a6d4c-fac7-45e7-a767-d09d331c8200", 
     "camara": "S"
    }
   }, 
   {
    "comision": {
     "url": "/api/0/comisiones/6bca7942-28a2-4e73-a797-3d5370bbeb44/", 
     "nombre": "Parlamentaria conjunta argentino chilena (ley 23172)", 
     "uuid": "6bca7942-28a2-4e73-a797-3d5370bbeb44", 
     "camara": "D"
    }
   }, 
   {
    "comision": {
     "url": "/api/0/comisiones/7d264059-15f1-402a-8c83-edeb1737b7fa/", 
     "nombre": "Bicameral de seguimiento del tratado de las negociaciones agricolas en el marco de la omc", 
     "uuid": "7d264059-15f1-402a-8c83-edeb1737b7fa", 
     "camara": "S"
    }
   }, 
   {
    "comision": {
     "url": "/api/0/comisiones/c6601ae1-0612-443b-8eb5-889ef2a46355/", 
     "nombre": "Bicameral de seguimiento de facultades delegadas al poder ejecutivo nacional - ley 25561", 
     "uuid": "c6601ae1-0612-443b-8eb5-889ef2a46355", 
     "camara": "S"
    }
   }, 
   {
    "comision": {
     "url": "/api/0/comisiones/118047a2-60a6-45be-8c46-508c7cbe5fa6/", 
     "nombre": "De la reconversion de industria electrica (ley 24065)", 
     "uuid": "118047a2-60a6-45be-8c46-508c7cbe5fa6", 
     "camara": "S"
    }
   }, 
   {
    "comision": {
     "url": "/api/0/comisiones/5d1be6f7-f8c3-4ed8-89f6-88fcd3cace97/", 
     "nombre": "Reforma administrativa", 
     "uuid": "5d1be6f7-f8c3-4ed8-89f6-88fcd3cace97", 
     "camara": "S"
    }
   }, 
   {
    "comision": {
     "url": "/api/0/comisiones/03c601c0-e6fd-40f5-8ac0-da199dbe37e8/", 
     "nombre": "Seguimiento de la reestructuracion militar (ley 24948)", 
     "uuid": "03c601c0-e6fd-40f5-8ac0-da199dbe37e8", 
     "camara": "S"
    }
   }, 
   {
    "comision": {
     "url": "/api/0/comisiones/538b2ff4-8084-4cf9-8b07-238e5bbb1aa5/", 
     "nombre": "Mineria", 
     "uuid": "538b2ff4-8084-4cf9-8b07-238e5bbb1aa5", 
     "camara": "S"
    }
   }, 
   {
    "comision": {
     "url": "/api/0/comisiones/ed7645b3-575a-4df7-8253-eb4474d9fe84/", 
     "nombre": "Energia y combustibles", 
     "uuid": "ed7645b3-575a-4df7-8253-eb4474d9fe84", 
     "camara": "S"
    }
   }, 
   {
    "comision": {
     "url": "/api/0/comisiones/1fa92a09-5f8e-4998-8c42-08b26f06036f/", 
     "nombre": "Bicameral seguimiento de facultades delegadas al poder ejecutivo nacional (ley 2", 
     "uuid": "1fa92a09-5f8e-4998-8c42-08b26f06036f", 
     "camara": "D"
    }
   }, 
   {
    "comision": {
     "url": "/api/0/comisiones/ba39d121-8c26-4077-919e-8aa3b58eefb6/", 
     "nombre": "Bicameral de fiscalizacion de organismos y actividades de inteligencia (ley 25520)", 
     "uuid": "ba39d121-8c26-4077-919e-8aa3b58eefb6", 
     "camara": "D"
    }
   }, 
   {
    "comision": {
     "url": "/api/0/comisiones/03c83dce-249c-4789-a98a-35d27df4f0d0/", 
     "nombre": "Reservado en mesa a consideracion del cuerpo", 
     "uuid": "03c83dce-249c-4789-a98a-35d27df4f0d0", 
     "camara": "S"
    }
   }, 
   {
    "comision": {
     "url": "/api/0/comisiones/f5fd970c-1101-4c97-b8cd-e91a1849412c/", 
     "nombre": "Educacion", 
     "uuid": "f5fd970c-1101-4c97-b8cd-e91a1849412c", 
     "camara": "S"
    }
   }, 
   {
    "comision": {
     "url": "/api/0/comisiones/6fdd0e0b-537c-434d-8225-06b4d8852239/", 
     "nombre": "Cultura", 
     "uuid": "6fdd0e0b-537c-434d-8225-06b4d8852239", 
     "camara": "S"
    }
   }, 
   {
    "comision": {
     "url": "/api/0/comisiones/f2e6d8dc-12b3-43a5-a04f-24c6d88a8a33/", 
     "nombre": "Especial analisis, evaluacion e investigacion de la violencia en el futbol", 
     "uuid": "f2e6d8dc-12b3-43a5-a04f-24c6d88a8a33", 
     "camara": "D"
    }
   }, 
   {
    "comision": {
     "url": "/api/0/comisiones/fa9ef181-f3c0-4ff3-8f90-d8a9921a8383/", 
     "nombre": "Legislacion del trabajo", 
     "uuid": "fa9ef181-f3c0-4ff3-8f90-d8a9921a8383", 
     "camara": "S"
    }
   }, 
   {
    "comision": {
     "url": "/api/0/comisiones/f5522085-061e-4d8b-b936-bd65e0fb5259/", 
     "nombre": "Seguridad interior", 
     "uuid": "f5522085-061e-4d8b-b936-bd65e0fb5259", 
     "camara": "S"
    }
   }, 
   {
    "comision": {
     "url": "/api/0/comisiones/130d46de-1cf0-48b0-98c0-08bba620a3ca/", 
     "nombre": "Agricultura y ganaderia", 
     "uuid": "130d46de-1cf0-48b0-98c0-08bba620a3ca", 
     "camara": "S"
    }
   }, 
   {
    "comision": {
     "url": "/api/0/comisiones/5f3a1035-9d31-4e39-b86e-ec4112eeeccf/", 
     "nombre": "Al orden del dia de acuerdo con el articulo 109 del reglamento h. senado", 
     "uuid": "5f3a1035-9d31-4e39-b86e-ec4112eeeccf", 
     "camara": "D"
    }
   }, 
   {
    "comision": {
     "url": "/api/0/comisiones/54705625-339a-4b8b-8ef4-b3e17e28206d/", 
     "nombre": "Transportes", 
     "uuid": "54705625-339a-4b8b-8ef4-b3e17e28206d", 
     "camara": "S"
    }
   }, 
   {
    "comision": {
     "url": "/api/0/comisiones/d4adf722-9829-4d91-80f1-1c3d30e6ce21/", 
     "nombre": "Justicia", 
     "uuid": "d4adf722-9829-4d91-80f1-1c3d30e6ce21", 
     "camara": "S"
    }
   }, 
   {
    "comision": {
     "url": "/api/0/comisiones/23783d54-b60f-45ed-98f8-d66e5f3d8834/", 
     "nombre": "Derechos humanos y garantias", 
     "uuid": "23783d54-b60f-45ed-98f8-d66e5f3d8834", 
     "camara": "S"
    }
   }, 
   {
    "comision": {
     "url": "/api/0/comisiones/2d81a35f-0fc4-4462-ae50-1abe76f092a6/", 
     "nombre": "Labor parlamentaria", 
     "uuid": "2d81a35f-0fc4-4462-ae50-1abe76f092a6", 
     "camara": "S"
    }
   }, 
   {
    "comision": {
     "url": "/api/0/comisiones/34912ba8-0374-4ec4-a2f7-60003f9e6700/", 
     "nombre": "A sus antecedentes", 
     "uuid": "34912ba8-0374-4ec4-a2f7-60003f9e6700", 
     "camara": "S"
    }
   }, 
   {
    "comision": {
     "url": "/api/0/comisiones/46e09f31-547d-4864-a621-179136441310/", 
     "nombre": "Parlamento del mercosur (ley 26146)", 
     "uuid": "46e09f31-547d-4864-a621-179136441310", 
     "camara": "S"
    }
   }, 
   {
    "comision": {
     "url": "/api/0/comisiones/40b89ccd-d3fc-4e0c-8e49-cc906672add9/", 
     "nombre": "Bicameral de la defensoria del pueblo", 
     "uuid": "40b89ccd-d3fc-4e0c-8e49-cc906672add9", 
     "camara": "D"
    }
   }, 
   {
    "comision": {
     "url": "/api/0/comisiones/443aeb29-ecb1-4d63-8bc7-c030ea7817c4/", 
     "nombre": "Bicameral de reforma del estado y seguimiento de las privatizaciones (ley 23696)", 
     "uuid": "443aeb29-ecb1-4d63-8bc7-c030ea7817c4", 
     "camara": "D"
    }
   }, 
   {
    "comision": {
     "url": "/api/0/comisiones/db4e63a7-d2e7-4d5c-bb6d-8abb1dc6eb34/", 
     "nombre": "Industria", 
     "uuid": "db4e63a7-d2e7-4d5c-bb6d-8abb1dc6eb34", 
     "camara": "S"
    }
   }, 
   {
    "comision": {
     "url": "/api/0/comisiones/077189ae-1dd8-4295-9c18-24921bda61c3/", 
     "nombre": "Bicameral especial para cumplimiento de la clausula transitoria 8 constitucion nacional (ley 26519)", 
     "uuid": "077189ae-1dd8-4295-9c18-24921bda61c3", 
     "camara": "S"
    }
   }, 
   {
    "comision": {
     "url": "/api/0/comisiones/38ecf1d0-872e-4aab-b7bc-a98a82e5673f/", 
     "nombre": "H camara de diputados", 
     "uuid": "38ecf1d0-872e-4aab-b7bc-a98a82e5673f", 
     "camara": "D"
    }
   }, 
   {
    "comision": {
     "url": "/api/0/comisiones/da2cf59c-3cf4-4cbc-bf55-fcad31486ea5/", 
     "nombre": "Prevencion de adicciones y control del narcotrafico", 
     "uuid": "da2cf59c-3cf4-4cbc-bf55-fcad31486ea5", 
     "camara": "S"
    }
   }, 
   {
    "comision": {
     "url": "/api/0/comisiones/484dbf21-4ead-4aa5-a5fb-f3686804026e/", 
     "nombre": "Bicameral de seguimiento y coordinacion para la confeccion del digesto juridico argentino", 
     "uuid": "484dbf21-4ead-4aa5-a5fb-f3686804026e", 
     "camara": "D"
    }
   }, 
   {
    "comision": {
     "url": "/api/0/comisiones/33e8e8a3-5147-4536-9917-8a7cb99fe3ae/", 
     "nombre": "Economias regionales, economia social, micro, peque\u00f1a y mediana empresa", 
     "uuid": "33e8e8a3-5147-4536-9917-8a7cb99fe3ae", 
     "camara": "S"
    }
   }, 
   {
    "comision": {
     "url": "/api/0/comisiones/6c5393bd-2b53-4922-a942-15ca5f17a793/", 
     "nombre": "Bicameral de seguimiento y coordinacion para la confeccion del digesto juridico argentino", 
     "uuid": "6c5393bd-2b53-4922-a942-15ca5f17a793", 
     "camara": "S"
    }
   }
  ]
 }
}