{
 "status": "OK", 
 "payload": {
  "legislador": {
   "firmas_proyectos": [
    {
     "firma_proyecto": {
      "proyecto": {
       "url": "/api/0/proyectos/96b5fa7e-eae6-4f0d-92fc-33a6fb104842/", 
       "uuid": "96b5fa7e-eae6-4f0d-92fc-33a6fb104842"
      }, 
      "uuid": "de4900a6-7ea4-4d8c-bdb9-610f87dc2e7b", 
      "tipo": "C"
     }
    }
   ], 
   "persona": {
    "url": "/api/0/personas/38a521c3-efec-4a7f-9959-ccd334a85476/", 
    "uuid": "38a521c3-efec-4a7f-9959-ccd334a85476"
   }, 
   "uuid": "b7eb2113-8037-4245-801f-5e84900d452a", 
   "url": "/api/0/legisladores/b7eb2113-8037-4245-801f-5e84900d452a/", 
   "fin": null, 
   "partido": null, 
   "inicio": null, 
   "membresias_comisiones": [], 
   "bloque": {
    "url": "/api/0/bloques/9a51ab42-0ae2-4b62-ba86-a8e051ce638f/", 
    "uuid": "9a51ab42-0ae2-4b62-ba86-a8e051ce638f"
   }, 
   "distrito": {
    "url": "/api/0/distritos/7645a6a8-ae39-4a49-8fe8-406c062eefb0/", 
    "uuid": "7645a6a8-ae39-4a49-8fe8-406c062eefb0"
   }, 
   "camara": "?"
  }
 }
}