{
 "status": "OK", 
 "payload": {
  "persona": {
   "website": null, 
   "legisladores": [
    {
     "legislador": {
      "url": "/api/0/legisladores/7414864f-6e75-4881-83ff-931e6698520f/", 
      "fin": null, 
      "uuid": "7414864f-6e75-4881-83ff-931e6698520f", 
      "inicio": null
     }
    }, 
    {
     "legislador": {
      "url": "/api/0/legisladores/264bdde6-a4ec-4efd-944b-84eb729c0b1b/", 
      "fin": "2013-12-09", 
      "uuid": "264bdde6-a4ec-4efd-944b-84eb729c0b1b", 
      "inicio": "2009-12-10"
     }
    }
   ], 
   "uuid": "55207ad0-31fc-4652-bd12-971eb86b2f01", 
   "apellido": "Yoma", 
   "url": "/api/0/personas/55207ad0-31fc-4652-bd12-971eb86b2f01/", 
   "documento_numero": null, 
   "documento_tipo": null, 
   "nombre": "Jorge Raul", 
   "telefono": "4127-7100", 
   "email": "jyoma@diputados.gov.ar"
  }
 }
}