{
 "status": "OK", 
 "payload": {
  "proyectos": [
   {
    "proyecto": {
     "url": "/api/0/proyectos/572759af-0b40-4f35-ba45-8a80bd9b8ebb/", 
     "uuid": "572759af-0b40-4f35-ba45-8a80bd9b8ebb"
    }
   }, 
   {
    "proyecto": {
     "url": "/api/0/proyectos/9e58e080-1f91-4737-8b02-24a16ffa4ba8/", 
     "uuid": "9e58e080-1f91-4737-8b02-24a16ffa4ba8"
    }
   }, 
   {
    "proyecto": {
     "url": "/api/0/proyectos/a8002311-6f4a-4c79-aa8f-19b39531d6fc/", 
     "uuid": "a8002311-6f4a-4c79-aa8f-19b39531d6fc"
    }
   }, 
   {
    "proyecto": {
     "url": "/api/0/proyectos/8a620db8-b361-4102-aadf-5a8045c3edfc/", 
     "uuid": "8a620db8-b361-4102-aadf-5a8045c3edfc"
    }
   }, 
   {
    "proyecto": {
     "url": "/api/0/proyectos/d20d831b-ddc4-486b-b3ae-e5d45db0c8cf/", 
     "uuid": "d20d831b-ddc4-486b-b3ae-e5d45db0c8cf"
    }
   }, 
   {
    "proyecto": {
     "url": "/api/0/proyectos/5411f3ae-bd06-42d2-8bba-247510412d58/", 
     "uuid": "5411f3ae-bd06-42d2-8bba-247510412d58"
    }
   }, 
   {
    "proyecto": {
     "url": "/api/0/proyectos/5d0680aa-f7be-43ba-a056-4b2ce18da3e1/", 
     "uuid": "5d0680aa-f7be-43ba-a056-4b2ce18da3e1"
    }
   }, 
   {
    "proyecto": {
     "url": "/api/0/proyectos/853fde35-e8a1-41cc-8a22-414db3c86945/", 
     "uuid": "853fde35-e8a1-41cc-8a22-414db3c86945"
    }
   }, 
   {
    "proyecto": {
     "url": "/api/0/proyectos/afb9e59c-dfcc-4cfa-826b-eca1181b4735/", 
     "uuid": "afb9e59c-dfcc-4cfa-826b-eca1181b4735"
    }
   }, 
   {
    "proyecto": {
     "url": "/api/0/proyectos/3cf7f6d6-4e7e-409e-b7bc-5bb008726679/", 
     "uuid": "3cf7f6d6-4e7e-409e-b7bc-5bb008726679"
    }
   }, 
   {
    "proyecto": {
     "url": "/api/0/proyectos/205b7a83-5696-4dee-bd3e-b50c869b9c1b/", 
     "uuid": "205b7a83-5696-4dee-bd3e-b50c869b9c1b"
    }
   }, 
   {
    "proyecto": {
     "url": "/api/0/proyectos/b786b276-da46-478c-beaf-b7e15a412f75/", 
     "uuid": "b786b276-da46-478c-beaf-b7e15a412f75"
    }
   }, 
   {
    "proyecto": {
     "url": "/api/0/proyectos/4b7d877a-dbb5-45ea-b185-b69af73a596f/", 
     "uuid": "4b7d877a-dbb5-45ea-b185-b69af73a596f"
    }
   }, 
   {
    "proyecto": {
     "url": "/api/0/proyectos/922423c5-15f2-4386-816f-fbe4f82c1ec1/", 
     "uuid": "922423c5-15f2-4386-816f-fbe4f82c1ec1"
    }
   }, 
   {
    "proyecto": {
     "url": "/api/0/proyectos/1de5af9e-0992-41dd-aa96-7f92468d67b9/", 
     "uuid": "1de5af9e-0992-41dd-aa96-7f92468d67b9"
    }
   }, 
   {
    "proyecto": {
     "url": "/api/0/proyectos/aaa28fae-74f5-4a7f-a483-0901bc672ec8/", 
     "uuid": "aaa28fae-74f5-4a7f-a483-0901bc672ec8"
    }
   }, 
   {
    "proyecto": {
     "url": "/api/0/proyectos/c20a9089-2934-45cd-b985-cf3980c2aa6d/", 
     "uuid": "c20a9089-2934-45cd-b985-cf3980c2aa6d"
    }
   }, 
   {
    "proyecto": {
     "url": "/api/0/proyectos/30651ce1-df3e-4b2a-baeb-420774da6525/", 
     "uuid": "30651ce1-df3e-4b2a-baeb-420774da6525"
    }
   }, 
   {
    "proyecto": {
     "url": "/api/0/proyectos/8a984ea9-5076-4264-ac2d-a0e0519b903a/", 
     "uuid": "8a984ea9-5076-4264-ac2d-a0e0519b903a"
    }
   }, 
   {
    "proyecto": {
     "url": "/api/0/proyectos/1d53d1f3-cd83-49bf-92bf-1ef0b5ea80e5/", 
     "uuid": "1d53d1f3-cd83-49bf-92bf-1ef0b5ea80e5"
    }
   }, 
   {
    "proyecto": {
     "url": "/api/0/proyectos/ba44de21-ec6f-455a-ae3e-a3f33d148d5f/", 
     "uuid": "ba44de21-ec6f-455a-ae3e-a3f33d148d5f"
    }
   }, 
   {
    "proyecto": {
     "url": "/api/0/proyectos/7ba22178-dc9d-478b-91b2-4d1590d7704e/", 
     "uuid": "7ba22178-dc9d-478b-91b2-4d1590d7704e"
    }
   }, 
   {
    "proyecto": {
     "url": "/api/0/proyectos/8ba69536-783a-4825-9fc8-48deb71e9575/", 
     "uuid": "8ba69536-783a-4825-9fc8-48deb71e9575"
    }
   }, 
   {
    "proyecto": {
     "url": "/api/0/proyectos/193952fd-5291-41f0-a08c-5d151c895239/", 
     "uuid": "193952fd-5291-41f0-a08c-5d151c895239"
    }
   }, 
   {
    "proyecto": {
     "url": "/api/0/proyectos/67efb04e-9132-4887-b23d-d7ffe23689f1/", 
     "uuid": "67efb04e-9132-4887-b23d-d7ffe23689f1"
    }
   }, 
   {
    "proyecto": {
     "url": "/api/0/proyectos/a7d2c240-279e-4bf0-b403-d0c966b52409/", 
     "uuid": "a7d2c240-279e-4bf0-b403-d0c966b52409"
    }
   }, 
   {
    "proyecto": {
     "url": "/api/0/proyectos/5ecbc480-09b2-4756-9460-ce5e38349d61/", 
     "uuid": "5ecbc480-09b2-4756-9460-ce5e38349d61"
    }
   }, 
   {
    "proyecto": {
     "url": "/api/0/proyectos/1a3295a3-44e6-40fd-a86f-44b488b3bb53/", 
     "uuid": "1a3295a3-44e6-40fd-a86f-44b488b3bb53"
    }
   }, 
   {
    "proyecto": {
     "url": "/api/0/proyectos/2c3d0b1a-65d9-4571-81f7-092ff85dda17/", 
     "uuid": "2c3d0b1a-65d9-4571-81f7-092ff85dda17"
    }
   }, 
   {
    "proyecto": {
     "url": "/api/0/proyectos/9c2b08a7-329c-46cf-8dec-78493080f76a/", 
     "uuid": "9c2b08a7-329c-46cf-8dec-78493080f76a"
    }
   }, 
   {
    "proyecto": {
     "url": "/api/0/proyectos/5ff3f610-9740-4640-b2ae-38b852cf5c4e/", 
     "uuid": "5ff3f610-9740-4640-b2ae-38b852cf5c4e"
    }
   }, 
   {
    "proyecto": {
     "url": "/api/0/proyectos/a3722b88-d630-4951-8c46-a69b68c67da9/", 
     "uuid": "a3722b88-d630-4951-8c46-a69b68c67da9"
    }
   }, 
   {
    "proyecto": {
     "url": "/api/0/proyectos/969e1927-fb82-49c1-98fa-74a93334c85c/", 
     "uuid": "969e1927-fb82-49c1-98fa-74a93334c85c"
    }
   }, 
   {
    "proyecto": {
     "url": "/api/0/proyectos/b3b7dd53-0fb2-45a0-b7d2-0c5f406e0672/", 
     "uuid": "b3b7dd53-0fb2-45a0-b7d2-0c5f406e0672"
    }
   }, 
   {
    "proyecto": {
     "url": "/api/0/proyectos/f085bead-844d-4835-b69c-3e1eba548ebb/", 
     "uuid": "f085bead-844d-4835-b69c-3e1eba548ebb"
    }
   }, 
   {
    "proyecto": {
     "url": "/api/0/proyectos/c0369aea-f660-436e-a316-e664dc53a712/", 
     "uuid": "c0369aea-f660-436e-a316-e664dc53a712"
    }
   }, 
   {
    "proyecto": {
     "url": "/api/0/proyectos/352cbfd0-d2bd-424e-9a0a-b04c5a0b89bc/", 
     "uuid": "352cbfd0-d2bd-424e-9a0a-b04c5a0b89bc"
    }
   }, 
   {
    "proyecto": {
     "url": "/api/0/proyectos/bb3c8297-e465-4bbb-8766-df2668e19b86/", 
     "uuid": "bb3c8297-e465-4bbb-8766-df2668e19b86"
    }
   }, 
   {
    "proyecto": {
     "url": "/api/0/proyectos/8e96d851-3819-4ef7-844b-079132b642a8/", 
     "uuid": "8e96d851-3819-4ef7-844b-079132b642a8"
    }
   }, 
   {
    "proyecto": {
     "url": "/api/0/proyectos/7468804b-d9ec-482a-8d22-708aa3701ac3/", 
     "uuid": "7468804b-d9ec-482a-8d22-708aa3701ac3"
    }
   }, 
   {
    "proyecto": {
     "url": "/api/0/proyectos/33641e54-f1a2-42e8-bbc6-750a0ebcbf55/", 
     "uuid": "33641e54-f1a2-42e8-bbc6-750a0ebcbf55"
    }
   }, 
   {
    "proyecto": {
     "url": "/api/0/proyectos/0f853ddd-6aa3-4cde-85c5-c909b5b74596/", 
     "uuid": "0f853ddd-6aa3-4cde-85c5-c909b5b74596"
    }
   }, 
   {
    "proyecto": {
     "url": "/api/0/proyectos/4f6fd802-a2c8-47b0-a66a-b786794d9fa3/", 
     "uuid": "4f6fd802-a2c8-47b0-a66a-b786794d9fa3"
    }
   }, 
   {
    "proyecto": {
     "url": "/api/0/proyectos/59800ba1-a22c-4fb9-8cb9-90fbf1551db3/", 
     "uuid": "59800ba1-a22c-4fb9-8cb9-90fbf1551db3"
    }
   }, 
   {
    "proyecto": {
     "url": "/api/0/proyectos/08e659cd-01e5-4eef-8215-fe7976873f4b/", 
     "uuid": "08e659cd-01e5-4eef-8215-fe7976873f4b"
    }
   }, 
   {
    "proyecto": {
     "url": "/api/0/proyectos/572505cb-53f3-4432-9ad7-a2e060445101/", 
     "uuid": "572505cb-53f3-4432-9ad7-a2e060445101"
    }
   }, 
   {
    "proyecto": {
     "url": "/api/0/proyectos/24d51398-5fdb-4cda-bdee-e8fb1cc86fcb/", 
     "uuid": "24d51398-5fdb-4cda-bdee-e8fb1cc86fcb"
    }
   }, 
   {
    "proyecto": {
     "url": "/api/0/proyectos/3a89fdf1-2d93-4ca3-9c7f-66c2324d9a32/", 
     "uuid": "3a89fdf1-2d93-4ca3-9c7f-66c2324d9a32"
    }
   }, 
   {
    "proyecto": {
     "url": "/api/0/proyectos/6bd1bff7-450b-48b5-8c39-eca8a42fe7d0/", 
     "uuid": "6bd1bff7-450b-48b5-8c39-eca8a42fe7d0"
    }
   }, 
   {
    "proyecto": {
     "url": "/api/0/proyectos/c7d97962-49c8-4d38-9c62-d71266b87b9e/", 
     "uuid": "c7d97962-49c8-4d38-9c62-d71266b87b9e"
    }
   }
  ]
 }, 
 "links": [
  {
   "link": {
    "href": "/api/0/proyectos/?page=1&format=json", 
    "rel": "first"
   }
  }, 
  {
   "link": {
    "href": "/api/0/proyectos/?page=1639&format=json", 
    "rel": "last"
   }
  }, 
  {
   "link": {
    "href": "/api/0/proyectos/?page=2&format=json", 
    "rel": "next"
   }
  }
 ]
}