{
 "status": "OK", 
 "payload": {
  "proyecto": {
   "publicacion_fecha": "2012-11-15", 
   "firmantes": [
    {
     "legislador": {
      "url": "/api/0/legisladores/7b0f649c-6466-42c5-868d-38caadc37302/", 
      "uuid": "7b0f649c-6466-42c5-868d-38caadc37302"
     }
    }, 
    {
     "legislador": {
      "url": "/api/0/legisladores/d02754e1-81a0-462e-95f8-cce6ead340f8/", 
      "uuid": "d02754e1-81a0-462e-95f8-cce6ead340f8"
     }
    }
   ], 
   "texto_mediasancion_senadores_url": "http://www.senado.gov.ar/web/proyectos/verExpe.php?origen=S&nro_comision=&tipo=PL&numexp=2339/11&tConsulta=5", 
   "texto_mediasancion_diputados_url": "http://www1.hcdn.gov.ar/dependencias/dsecretaria/Periodo2012/PDF2012/SANCIONES/0106-D-2011.pdf", 
   "uuid": "c7d97962-49c8-4d38-9c62-d71266b87b9e", 
   "tipo": "R", 
   "fundamentos": "", 
   "url": "/api/0/proyectos/c7d97962-49c8-4d38-9c62-d71266b87b9e/", 
   "comisiones": [
    {
     "comision": {
      "url": "/api/0/comisiones/336ea950-d931-4afb-8ede-536ef6d68e51/", 
      "uuid": "336ea950-d931-4afb-8ede-536ef6d68e51"
     }
    }
   ], 
   "camara_origen": "D", 
   "camara_origen_expediente": "8091-D-2012", 
   "camara_revisora_expediente": "", 
   "reproduccion_expediente": "", 
   "origen": "D", 
   "camara_revisora": null, 
   "texto_completo_url": "http://www1.hcdn.gov.ar/proyxml/expediente.asp?fundamentos=si&numexp=8091-D-2012", 
   "sumario": "PEDIDO DE INFORMES AL PODER EJECUTIVO SOBRE LAS MEDIDAS TENDIENTES A DETENER Y REVERTIR LA CAIDA EN LA VENTA DE MAQUINARIA AGRICOLA NACIONAL.", 
   "ley_numero": null, 
   "mensaje": "", 
   "publicacion_en": "Tr\u00e1mite Parlamentario 167"
  }
 }
}